"","intervention","excess_cost","excess_qalyloss","IncrementalCost","IncrementalQALYGain","NetMonetaryBenefit","parameter","univariate_scenario"
"1","current",2944715182.70602,120328.714426708,0,0,0,"all_all_all_cost.standardtest.U","low"
"2","iFAST",2945074912.96261,120142.733907369,359730.256591797,185.980519339428,3359880.13019676,"all_all_all_cost.standardtest.U","low"
"3","current",2945681051.10602,120328.714426708,0,0,0,"all_all_all_cost.ifast.U","low"
"4","iFAST",2944109044.56261,120142.733907369,-1572006.54340792,185.980519339428,5291616.93019647,"all_all_all_cost.ifast.U","low"
"5","current",2273809552.60435,120328.714426708,0,0,0,"all_all_all_cost.bed.general","low"
"6","iFAST",2273326322.22729,120142.733907369,-483230.377053738,185.980519339428,4202840.76384229,"all_all_all_cost.bed.general","low"
"7","current",2879381974.39907,120328.714426708,0,0,0,"all_all_all_cost.bed.icu","low"
"8","iFAST",2878808682.08456,120142.733907369,-573292.314507008,185.980519339428,4292902.70129556,"all_all_all_cost.bed.icu","low"
"9","current",2945681051.10602,120328.714426708,0,0,0,"uncomplicated_all_all_prop.uti.icu","low"
"10","iFAST",2945074912.96261,120142.733907369,-606138.143407822,185.980519339428,4325748.53019638,"uncomplicated_all_all_prop.uti.icu","low"
"11","current",2922225018.89003,120328.714426708,0,0,0,"complicated_IV_all_all_prop.uti.icu","low"
"12","iFAST",2921627535.21497,120142.733907369,-597483.675066948,185.980519339428,4317094.0618555,"complicated_IV_all_all_prop.uti.icu","low"
"13","current",2922233477.48047,120328.714426708,0,0,0,"complicated_oral_all_all_prop.uti.icu","low"
"14","iFAST",2921641944.38908,120142.733907369,-591533.091389656,185.980519339428,4311143.47817821,"complicated_oral_all_all_prop.uti.icu","low"
"15","current",2945463063.52409,120328.714426708,0,0,0,"all_all_all_prop.bsi.icu","low"
"16","iFAST",2944857010.79772,120142.733907369,-606052.726372719,185.980519339428,4325663.11316127,"all_all_all_prop.bsi.icu","low"
"17","current",2945681051.10602,120649.585290453,0,0,0,"all_all_all_r.multip.mort","low"
"18","iFAST",2945074912.96261,120658.86288244,-606138.143407822,-9.27759198666899,420586.303674442,"all_all_all_r.multip.mort","low"
"19","current",2946670588.34828,120490.609868918,0,0,0,"all_all_all_prop.inap","low"
"20","iFAST",2946064234.81462,120304.402624587,-606353.533662796,186.207244331454,4330498.42029187,"all_all_all_prop.inap","low"
"21","current",2945681051.10602,120319.403398191,0,0,0,"all_1664_f_prop.bsi2die","low"
"22","iFAST",2945074912.96261,120133.428035167,-606138.143407822,185.975363024743,4325645.40390269,"all_1664_f_prop.bsi2die","low"
"23","current",2945681051.10602,116892.44251559,0,0,0,"all_1664_f_prop.uti2die","low"
"24","iFAST",2945074912.96261,116713.877175283,-606138.143407822,178.565340306319,4177444.9495342,"all_1664_f_prop.uti2die","low"
"25","current",3037782251.72132,120329.142549192,0,0,0,"all_1664_f_p.uti2discharge_other","low"
"26","iFAST",3037146823.63033,120150.369431379,-635428.090998173,178.773117812729,4210890.44725275,"all_1664_f_p.uti2discharge_other","low"
"27","current",2945833565.16738,120328.714416232,0,0,0,"all_1664_f_p.bsi2discharge","low"
"28","iFAST",2945227342.56383,120142.733896897,-606222.603548527,185.980519335382,4325832.99025617,"all_1664_f_p.bsi2discharge","low"
"29","current",2945681051.10602,120319.419396757,0,0,0,"all_1664_m_prop.bsi2die","low"
"30","iFAST",2945074912.96261,120133.442202253,-606138.143407822,185.97719450359,4325682.03347962,"all_1664_m_prop.bsi2die","low"
"31","current",2945681051.10602,117786.744254164,0,0,0,"all_1664_m_prop.uti2die","low"
"32","iFAST",2945074912.96261,117604.310517445,-606138.143407822,182.433736718594,4254812.87777971,"all_1664_m_prop.uti2die","low"
"33","current",3022737040.87148,120332.342854787,0,0,0,"all_1664_m_p.uti2discharge_other","low"
"34","iFAST",3022120748.91068,120149.84797918,-616291.960800648,182.494875607284,4266189.47294634,"all_1664_m_p.uti2discharge_other","low"
"35","current",2945840206.11393,120328.713928569,0,0,0,"all_1664_m_p.bsi2discharge","low"
"36","iFAST",2945234011.04046,120142.733409393,-606195.073474407,185.980519176534,4325805.45700508,"all_1664_m_p.bsi2discharge","low"
"37","current",2945681051.10602,120284.651153077,0,0,0,"all_65100_f_prop.bsi2die","low"
"38","iFAST",2945074912.96261,120098.687361957,-606138.143407822,185.963791119546,4325413.96579874,"all_65100_f_prop.bsi2die","low"
"39","current",2945681051.10602,107054.689423972,0,0,0,"all_65100_f_prop.uti2die","low"
"40","iFAST",2945074912.96261,106888.363338603,-606138.143407822,166.326085369074,3932659.85078929,"all_65100_f_prop.uti2die","low"
"41","current",3448810430.35947,120342.084116394,0,0,0,"all_65100_f_p.uti2discharge_other","low"
"42","iFAST",3448129271.31637,120175.394367606,-681159.043092251,166.689748788573,4014954.0188637,"all_65100_f_p.uti2discharge_other","low"
"43","current",2946588180.96008,120328.714029826,0,0,0,"all_65100_f_p.bsi2discharge","low"
"44","iFAST",2945981698.4328,120142.733510623,-606482.527277946,185.980519203309,4326092.91134413,"all_65100_f_p.bsi2discharge","low"
"45","current",2945681051.10602,120301.821029328,0,0,0,"all_65100_m_prop.bsi2die","low"
"46","iFAST",2945074912.96261,120115.850681622,-606138.143407822,185.970347706112,4325545.09753006,"all_65100_m_prop.bsi2die","low"
"47","current",2945681051.10602,109588.028805695,0,0,0,"all_65100_m_prop.uti2die","low"
"48","iFAST",2945074912.96261,109417.89231916,-606138.143407822,170.136486534859,4008867.874105,"all_65100_m_prop.uti2die","low"
"49","current",3274399651.04769,120327.561000485,0,0,0,"all_65100_m_p.uti2discharge_other","low"
"50","iFAST",3273745051.30801,120157.132805681,-654599.739683628,170.428194804073,4063163.6357651,"all_65100_m_p.uti2discharge_other","low"
"51","current",2946278381.6248,120328.714157446,0,0,0,"all_65100_m_p.bsi2discharge","low"
"52","iFAST",2945672017.55856,120142.733638199,-606364.066246986,185.980519247227,4325974.45119152,"all_65100_m_p.bsi2discharge","low"
"53","current",2945714820.9348,120338.67555421,0,0,0,"uncomplicated_1664_f_r.prev","low"
"54","iFAST",2945161922.34664,120164.185937352,-552898.588160515,174.489616858453,4042690.92532957,"uncomplicated_1664_f_r.prev","low"
"55","current",2945681051.10602,120328.714426708,0,0,0,"uncomplicated_1664_f_sensitivity.i","low"
"56","iFAST",2945231139.35636,120176.625676744,-449911.74966526,152.088749964838,3491686.74896202,"uncomplicated_1664_f_sensitivity.i","low"
"57","current",2945681051.10602,120328.714426708,0,0,0,"uncomplicated_1664_f_specificity.i","low"
"58","iFAST",2945088835.10588,120142.733907369,-592216.00014019,185.980519339413,4311826.38692845,"uncomplicated_1664_f_specificity.i","low"
"59","current",2945818667.79797,120358.569005527,0,0,0,"uncomplicated_1664_f_sensitivity.c","low"
"60","iFAST",2945074912.96261,120142.733907369,-743754.835354805,215.835098158321,5060456.79852122,"uncomplicated_1664_f_sensitivity.c","low"
"61","current",2945693190.96413,120328.714426708,0,0,0,"uncomplicated_1664_f_specificity.c","low"
"62","iFAST",2945074912.96261,120142.733907369,-618278.001512051,185.980519339428,4337888.38830061,"uncomplicated_1664_f_specificity.c","low"
"63","current",2945651323.40504,120328.714426708,0,0,0,"uncomplicated_1664_f_cost.empiricuti.U","low"
"64","iFAST",2945046024.62141,120142.733907369,-605298.783636093,185.980519339428,4324909.17042465,"uncomplicated_1664_f_cost.empiricuti.U","low"
"65","current",2945677162.27734,120328.714426708,0,0,0,"uncomplicated_1664_f_cost.empiricuti.current","low"
"66","iFAST",2945070464.56075,120142.733907369,-606697.716588974,185.980519339428,4326308.10337753,"uncomplicated_1664_f_cost.empiricuti.current","low"
"67","current",2945681051.10602,120328.714426708,0,0,0,"uncomplicated_1664_f_cost.empiricuti.ifast","low"
"68","iFAST",2945074912.96261,120142.733907369,-606138.143407822,185.980519339428,4325748.53019638,"uncomplicated_1664_f_cost.empiricuti.ifast","low"
"69","current",2945681051.10602,120328.714426708,0,0,0,"uncomplicated_1664_f_cost.2ndline.U","low"
"70","iFAST",2945074912.96261,120142.733907369,-606138.143407822,185.980519339428,4325748.53019638,"uncomplicated_1664_f_cost.2ndline.U","low"
"71","current",2945686187.71224,120329.577702714,0,0,0,"complicated_IV_1664_f_r.prev","low"
"72","iFAST",2945086452.51351,120144.596813938,-599735.198728561,184.980888775826,4299352.97424509,"complicated_IV_1664_f_r.prev","low"
"73","current",2945681051.10602,120328.714426708,0,0,0,"complicated_IV_1664_f_sensitivity.i","low"
"74","iFAST",2945123433.28772,120150.333962151,-557617.81829834,178.380464557384,4125227.10944601,"complicated_IV_1664_f_sensitivity.i","low"
"75","current",2945681051.10602,120328.714426708,0,0,0,"complicated_IV_1664_f_specificity.i","low"
"76","iFAST",2945069981.49066,120142.733907369,-611069.61536026,185.980519339428,4330680.00214881,"complicated_IV_1664_f_specificity.i","low"
"77","current",2945723787.33937,120335.408481497,0,0,0,"complicated_IV_1664_f_sensitivity.c","low"
"78","iFAST",2945074912.96261,120142.733907369,-648874.376760483,192.674574128367,4502365.85932782,"complicated_IV_1664_f_sensitivity.c","low"
"79","current",2945676751.42371,120328.714426708,0,0,0,"complicated_IV_1664_f_specificity.c","low"
"80","iFAST",2945074912.96261,120142.733907369,-601838.461093903,185.980519339428,4321448.84788246,"complicated_IV_1664_f_specificity.c","low"
"81","current",2945663794.00455,120328.714426708,0,0,0,"complicated_IV_1664_f_cost.empiricuti.U","low"
"82","iFAST",2945058239.70375,120142.733907369,-605554.300805092,185.980519339428,4325164.68759365,"complicated_IV_1664_f_cost.empiricuti.U","low"
"83","current",2945679876.49005,120328.714426708,0,0,0,"complicated_IV_1664_f_cost.empiricuti.current","low"
"84","iFAST",2945073571.03126,120142.733907369,-606305.458784103,185.980519339428,4325915.84557266,"complicated_IV_1664_f_cost.empiricuti.current","low"
"85","current",2945681051.10602,120328.714426708,0,0,0,"complicated_IV_1664_f_cost.empiricuti.ifast","low"
"86","iFAST",2945074912.96261,120142.733907369,-606138.143407822,185.980519339428,4325748.53019638,"complicated_IV_1664_f_cost.empiricuti.ifast","low"
"87","current",2945673261.54746,120328.714426708,0,0,0,"complicated_IV_1664_f_cost.2ndline.U","low"
"88","iFAST",2945066013.83892,120142.733907369,-607247.708534718,185.980519339428,4326858.09532327,"complicated_IV_1664_f_cost.2ndline.U","low"
"89","current",2945976201.99433,120382.644524384,0,0,0,"uncomplicated_65100_f_r.prev","low"
"90","iFAST",2945572401.4458,120227.12654298,-403800.548531055,155.517981404118,3514160.17661342,"uncomplicated_65100_f_r.prev","low"
"91","current",2945681051.10602,120328.714426708,0,0,0,"uncomplicated_65100_f_sensitivity.i","low"
"92","iFAST",2945945195.13395,120274.267210867,264144.027932167,54.4472158415883,824800.2888996,"uncomplicated_65100_f_sensitivity.i","low"
"93","current",2945681051.10602,120328.714426708,0,0,0,"uncomplicated_65100_f_specificity.i","low"
"94","iFAST",2945126706.06886,120142.733907369,-554345.037165165,185.980519339413,4273955.42395343,"uncomplicated_65100_f_specificity.i","low"
"95","current",2946480520.55069,120449.545187988,0,0,0,"uncomplicated_65100_f_sensitivity.c","low"
"96","iFAST",2945074912.96261,120142.733907369,-1405607.58807707,306.811280619484,7541833.20046675,"uncomplicated_65100_f_sensitivity.c","low"
"97","current",2945728308.1369,120328.714426708,0,0,0,"uncomplicated_65100_f_specificity.c","low"
"98","iFAST",2945074912.96261,120142.733907369,-653395.174285889,185.980519339428,4373005.56107444,"uncomplicated_65100_f_specificity.c","low"
"99","current",2945572000.23987,120328.714426708,0,0,0,"uncomplicated_65100_f_cost.empiricuti.U","low"
"100","iFAST",2944967997.40273,120142.733907369,-604002.837142944,185.980519339428,4323613.2239315,"uncomplicated_65100_f_cost.empiricuti.U","low"
"101","current",2945665927.01146,120328.714426708,0,0,0,"uncomplicated_65100_f_cost.empiricuti.current","low"
"102","iFAST",2945058365.33054,120142.733907369,-607561.68091774,185.980519339428,4327172.06770629,"uncomplicated_65100_f_cost.empiricuti.current","low"
"103","current",2945681051.10602,120328.714426708,0,0,0,"uncomplicated_65100_f_cost.empiricuti.ifast","low"
"104","iFAST",2945074912.96261,120142.733907369,-606138.143407822,185.980519339428,4325748.53019638,"uncomplicated_65100_f_cost.empiricuti.ifast","low"
"105","current",2945681051.10602,120328.714426708,0,0,0,"uncomplicated_65100_f_cost.2ndline.U","low"
"106","iFAST",2945074912.96261,120142.733907369,-606138.143407822,185.980519339428,4325748.53019638,"uncomplicated_65100_f_cost.2ndline.U","low"
"107","current",2945720242.23336,120333.393225572,0,0,0,"complicated_IV_65100_f_r.prev","low"
"108","iFAST",2945138241.5493,120150.062855875,-582000.684063435,183.330369697083,4248608.0780051,"complicated_IV_65100_f_r.prev","low"
"109","current",2945681051.10602,120328.714426708,0,0,0,"complicated_IV_65100_f_sensitivity.i","low"
"110","iFAST",2945342567.63837,120172.229692388,-338483.467653751,156.484734320096,3468178.15405568,"complicated_IV_65100_f_sensitivity.i","low"
"111","current",2945681051.10602,120328.714426708,0,0,0,"complicated_IV_65100_f_specificity.i","low"
"112","iFAST",2945056566.85661,120142.733907369,-624484.249416828,185.980519339428,4344094.63620538,"complicated_IV_65100_f_specificity.i","low"
"113","current",2945926910.66258,120355.808370116,0,0,0,"complicated_IV_65100_f_sensitivity.c","low"
"114","iFAST",2945074912.96261,120142.733907369,-851997.699967384,213.074462746576,5113486.9548989,"complicated_IV_65100_f_sensitivity.c","low"
"115","current",2945664312.99357,120328.714426708,0,0,0,"complicated_IV_65100_f_specificity.c","low"
"116","iFAST",2945074912.96261,120142.733907369,-589400.03095293,185.980519339428,4309010.41774148,"complicated_IV_65100_f_specificity.c","low"
"117","current",2945617870.63455,120328.714426708,0,0,0,"complicated_IV_65100_f_cost.empiricuti.U","low"
"118","iFAST",2945013217.43553,120142.733907369,-604653.199017525,185.980519339428,4324263.58580608,"complicated_IV_65100_f_cost.empiricuti.U","low"
"119","current",2945676484.99349,120328.714426708,0,0,0,"complicated_IV_65100_f_cost.empiricuti.current","low"
"120","iFAST",2945069921.3004,120142.733907369,-606563.693082333,185.980519339428,4326174.07987089,"complicated_IV_65100_f_cost.empiricuti.current","low"
"121","current",2945681051.10602,120328.714426708,0,0,0,"complicated_IV_65100_f_cost.empiricuti.ifast","low"
"122","iFAST",2945074912.96261,120142.733907369,-606138.143407822,185.980519339428,4325748.53019638,"complicated_IV_65100_f_cost.empiricuti.ifast","low"
"123","current",2945650770.57026,120328.714426708,0,0,0,"complicated_IV_65100_f_cost.2ndline.U","low"
"124","iFAST",2945041810.36059,120142.733907369,-608960.209670544,185.980519339428,4328570.5964591,"complicated_IV_65100_f_cost.2ndline.U","low"
"125","current",2945728339.6118,120339.415300903,0,0,0,"uncomplicated_1664_m_r.prev","low"
"126","iFAST",2945151445.74738,120158.932733399,-576893.864418507,180.482567503757,4186545.21449365,"uncomplicated_1664_m_r.prev","low"
"127","current",2945681051.10602,120328.714426708,0,0,0,"uncomplicated_1664_m_sensitivity.i","low"
"128","iFAST",2945208480.94472,120167.939660852,-472570.161306381,160.774765855982,3688065.47842602,"uncomplicated_1664_m_sensitivity.i","low"
"129","current",2945681051.10602,120328.714426708,0,0,0,"uncomplicated_1664_m_specificity.i","low"
"130","iFAST",2945082689.97315,120142.733907369,-598361.132875919,185.980519339442,4317971.51966476,"uncomplicated_1664_m_specificity.i","low"
"131","current",2945804383.23737,120351.988562228,0,0,0,"uncomplicated_1664_m_sensitivity.c","low"
"132","iFAST",2945074912.96261,120142.733907369,-729470.274758339,209.254654859411,4914563.37194656,"uncomplicated_1664_m_sensitivity.c","low"
"133","current",2945688186.50379,120328.714426708,0,0,0,"uncomplicated_1664_m_specificity.c","low"
"134","iFAST",2945074912.96261,120142.733907369,-613273.541172504,185.980519339399,4332883.92796048,"uncomplicated_1664_m_specificity.c","low"
"135","current",2945644322.85132,120328.714426708,0,0,0,"uncomplicated_1664_m_cost.empiricuti.U","low"
"136","iFAST",2945038863.32426,120142.733907369,-605459.527059078,185.980519339428,4325069.91384763,"uncomplicated_1664_m_cost.empiricuti.U","low"
"137","current",2945678859.09258,120328.714426708,0,0,0,"uncomplicated_1664_m_cost.empiricuti.current","low"
"138","iFAST",2945072527.65906,120142.733907369,-606331.433513641,185.980519339428,4325941.8203022,"uncomplicated_1664_m_cost.empiricuti.current","low"
"139","current",2945681051.10602,120328.714426708,0,0,0,"uncomplicated_1664_m_cost.empiricuti.ifast","low"
"140","iFAST",2945074912.96261,120142.733907369,-606138.143407822,185.980519339428,4325748.53019638,"uncomplicated_1664_m_cost.empiricuti.ifast","low"
"141","current",2945662966.99509,120328.714426708,0,0,0,"uncomplicated_1664_m_cost.2ndline.U","low"
"142","iFAST",2945055234.20831,120142.733907369,-607732.786777973,185.980519339428,4327343.17356653,"uncomplicated_1664_m_cost.2ndline.U","low"
"143","current",2945687450.90839,120329.642887017,0,0,0,"complicated_IV_1664_m_r.prev","low"
"144","iFAST",2945084813.37477,120144.140675794,-602637.533619881,185.502211223604,4312681.75809196,"complicated_IV_1664_m_r.prev","low"
"145","current",2945681051.10602,120328.714426708,0,0,0,"complicated_IV_1664_m_sensitivity.i","low"
"146","iFAST",2945116160.76793,120148.386194563,-564890.338090897,180.328232145068,4171454.98099225,"complicated_IV_1664_m_sensitivity.i","low"
"147","current",2945681051.10602,120328.714426708,0,0,0,"complicated_IV_1664_m_specificity.i","low"
"148","iFAST",2945071200.62363,120142.733907369,-609850.48238802,185.980519339428,4329460.86917657,"complicated_IV_1664_m_specificity.i","low"
"149","current",2945719135.49449,120333.933223216,0,0,0,"complicated_IV_1664_m_sensitivity.c","low"
"150","iFAST",2945074912.96261,120142.733907369,-644222.531872272,191.199315846883,4468208.84880994,"complicated_IV_1664_m_sensitivity.c","low"
"151","current",2945677645.27441,120328.714426708,0,0,0,"complicated_IV_1664_m_specificity.c","low"
"152","iFAST",2945074912.96261,120142.733907369,-602732.311798096,185.980519339428,4322342.69858665,"complicated_IV_1664_m_specificity.c","low"
"153","current",2945670275.76219,120328.714426708,0,0,0,"complicated_IV_1664_m_cost.empiricuti.U","low"
"154","iFAST",2945064376.64637,120142.733907369,-605899.115820885,185.980519339428,4325509.50260944,"complicated_IV_1664_m_cost.empiricuti.U","low"
"155","current",2945680267.45101,120328.714426708,0,0,0,"complicated_IV_1664_m_cost.empiricuti.current","low"
"156","iFAST",2945074060.88368,120142.733907369,-606206.567335129,185.980519339428,4325816.95412368,"complicated_IV_1664_m_cost.empiricuti.current","low"
"157","current",2945681051.10602,120328.714426708,0,0,0,"complicated_IV_1664_m_cost.empiricuti.ifast","low"
"158","iFAST",2945074912.96261,120142.733907369,-606138.143407822,185.980519339428,4325748.53019638,"complicated_IV_1664_m_cost.empiricuti.ifast","low"
"159","current",2945676662.63797,120328.714426708,0,0,0,"complicated_IV_1664_m_cost.2ndline.U","low"
"160","iFAST",2945070141.32057,120142.733907369,-606521.317401886,185.980519339428,4326131.70419044,"complicated_IV_1664_m_cost.2ndline.U","low"
"161","current",2945874161.99461,120372.447174648,0,0,0,"uncomplicated_65100_m_r.prev","low"
"162","iFAST",2945399716.99765,120211.018926164,-474444.996953487,161.428248484095,3703009.96663539,"uncomplicated_65100_m_r.prev","low"
"163","current",2945681051.10602,120328.714426708,0,0,0,"uncomplicated_65100_m_sensitivity.i","low"
"164","iFAST",2945643466.63531,120249.148437855,-37584.4707102776,79.5659888538066,1628904.24778641,"uncomplicated_65100_m_sensitivity.i","low"
"165","current",2945681051.10602,120328.714426708,0,0,0,"uncomplicated_65100_m_specificity.i","low"
"166","iFAST",2945110028.70964,120142.733907369,-571022.396386623,185.980519339413,4290632.78317489,"uncomplicated_65100_m_specificity.i","low"
"167","current",2946203517.27754,120426.502894385,0,0,0,"uncomplicated_65100_m_sensitivity.c","low"
"168","iFAST",2945074912.96261,120142.733907369,-1128604.31493044,283.768987016243,6803984.0552553,"uncomplicated_65100_m_sensitivity.c","low"
"169","current",2945713102.94317,120328.714426708,0,0,0,"uncomplicated_65100_m_specificity.c","low"
"170","iFAST",2945074912.96261,120142.733907369,-638189.98055315,185.980519339399,4357800.36734112,"uncomplicated_65100_m_specificity.c","low"
"171","current",2945514937.86935,120328.714426708,0,0,0,"uncomplicated_65100_m_cost.empiricuti.U","low"
"172","iFAST",2944912040.50226,120142.733907369,-602897.367093563,185.980519339428,4322507.75388212,"uncomplicated_65100_m_cost.empiricuti.U","low"
"173","current",2945671203.65294,120328.714426708,0,0,0,"uncomplicated_65100_m_cost.empiricuti.current","low"
"174","iFAST",2945064142.44011,120142.733907369,-607061.212822437,185.980519339428,4326671.59961099,"uncomplicated_65100_m_cost.empiricuti.current","low"
"175","current",2945681051.10602,120328.714426708,0,0,0,"uncomplicated_65100_m_cost.empiricuti.ifast","low"
"176","iFAST",2945074912.96261,120142.733907369,-606138.143407822,185.980519339428,4325748.53019638,"uncomplicated_65100_m_cost.empiricuti.ifast","low"
"177","current",2945599809.61807,120328.714426708,0,0,0,"uncomplicated_65100_m_cost.2ndline.U","low"
"178","iFAST",2944986056.152,120142.733907369,-613753.466078281,185.980519339428,4333363.85286684,"uncomplicated_65100_m_cost.2ndline.U","low"
"179","current",2945707535.91062,120332.508554267,0,0,0,"complicated_IV_65100_m_r.prev","low"
"180","iFAST",2945117181.75577,120148.664007206,-590354.154854774,183.844547060668,4267245.09606813,"complicated_IV_65100_m_r.prev","low"
"181","current",2945681051.10602,120328.714426708,0,0,0,"complicated_IV_65100_m_sensitivity.i","low"
"182","iFAST",2945250756.68424,120166.596902153,-430294.421783924,162.117524555521,3672644.91289433,"complicated_IV_65100_m_sensitivity.i","low"
"183","current",2945681051.10602,120328.714426708,0,0,0,"complicated_IV_65100_m_specificity.i","low"
"184","iFAST",2945058150.54402,120142.733907369,-622900.562001228,185.980519339428,4342510.94878978,"complicated_IV_65100_m_specificity.i","low"
"185","current",2945842629.82702,120350.641579681,0,0,0,"complicated_IV_65100_m_sensitivity.c","low"
"186","iFAST",2945074912.96261,120142.733907369,-767716.86440134,207.907672311718,4925870.3106357,"complicated_IV_65100_m_sensitivity.c","low"
"187","current",2945665752.35657,120328.714426708,0,0,0,"complicated_IV_65100_m_specificity.c","low"
"188","iFAST",2945074912.96261,120142.733907369,-590839.39395237,185.980519339428,4310449.78074092,"complicated_IV_65100_m_specificity.c","low"
"189","current",2945632305.3793,120328.714426708,0,0,0,"complicated_IV_65100_m_cost.empiricuti.U","low"
"190","iFAST",2945027308.75683,120142.733907369,-604996.622472286,185.980519339428,4324607.00926084,"complicated_IV_65100_m_cost.empiricuti.U","low"
"191","current",2945677530.41043,120328.714426708,0,0,0,"complicated_IV_65100_m_cost.empiricuti.current","low"
"192","iFAST",2945071065.49576,120142.733907369,-606464.914668083,185.980519339428,4326075.30145664,"complicated_IV_65100_m_cost.empiricuti.current","low"
"193","current",2945681051.10602,120328.714426708,0,0,0,"complicated_IV_65100_m_cost.empiricuti.ifast","low"
"194","iFAST",2945074912.96261,120142.733907369,-606138.143407822,185.980519339428,4325748.53019638,"complicated_IV_65100_m_cost.empiricuti.ifast","low"
"195","current",2945661335.21069,120328.714426708,0,0,0,"complicated_IV_65100_m_cost.2ndline.U","low"
"196","iFAST",2945053367.14823,120142.733907369,-607968.062464714,185.980519339428,4327578.44925327,"complicated_IV_65100_m_cost.2ndline.U","low"
"197","current",2945690505.21806,120330.758595482,0,0,0,"complicated_oral_1664_f_r.prev","low"
"198","iFAST",2945099238.03715,120147.150285695,-591267.180905819,183.608309787174,4263433.3766493,"complicated_oral_1664_f_r.prev","low"
"199","current",2945681051.10602,120328.714426708,0,0,0,"complicated_oral_1664_f_sensitivity.i","low"
"200","iFAST",2945142890.5445,120153.675042758,-538160.561523914,175.039383950512,4038948.24053416,"complicated_oral_1664_f_sensitivity.i","low"
"201","current",2945681051.10602,120328.714426708,0,0,0,"complicated_oral_1664_f_specificity.i","low"
"202","iFAST",2945077057.24557,120142.733907369,-603993.860447407,185.980519339428,4323604.24723596,"complicated_oral_1664_f_specificity.i","low"
"203","current",2945740919.00461,120338.350291441,0,0,0,"complicated_oral_1664_f_sensitivity.c","low"
"204","iFAST",2945074912.96261,120142.733907369,-666006.041995049,195.616384072244,4578333.72343992,"complicated_oral_1664_f_sensitivity.c","low"
"205","current",2945682920.47103,120328.714426708,0,0,0,"complicated_oral_1664_f_specificity.c","low"
"206","iFAST",2945074912.96261,120142.733907369,-608007.508411407,185.980519339428,4327617.89519996,"complicated_oral_1664_f_specificity.c","low"
"207","current",2945678739.09505,120328.714426708,0,0,0,"complicated_oral_1664_f_cost.empiricuti.U","low"
"208","iFAST",2945072693.05319,120142.733907369,-606046.041852474,185.980519339428,4325656.42864103,"complicated_oral_1664_f_cost.empiricuti.U","low"
"209","current",2945680895.33621,120328.714426708,0,0,0,"complicated_oral_1664_f_cost.empiricuti.current","low"
"210","iFAST",2945074735.16852,120142.733907369,-606160.167692661,185.980519339428,4325770.55448122,"complicated_oral_1664_f_cost.empiricuti.current","low"
"211","current",2945681051.10602,120328.714426708,0,0,0,"complicated_oral_1664_f_cost.empiricuti.ifast","low"
"212","iFAST",2945074912.96261,120142.733907369,-606138.143407822,185.980519339428,4325748.53019638,"complicated_oral_1664_f_cost.empiricuti.ifast","low"
"213","current",2945675677.04757,120328.714426708,0,0,0,"complicated_oral_1664_f_cost.2ndline.U","low"
"214","iFAST",2945068779.06633,120142.733907369,-606897.981241703,185.980519339428,4326508.36803026,"complicated_oral_1664_f_cost.2ndline.U","low"
"215","current",2945763611.25571,120339.80024995,0,0,0,"complicated_oral_65100_f_r.prev","low"
"216","iFAST",2945213993.0328,120160.108921948,-549618.222909451,179.691328001485,4143444.78293915,"complicated_oral_65100_f_r.prev","low"
"217","current",2945681051.10602,120328.714426708,0,0,0,"complicated_oral_65100_f_sensitivity.i","low"
"218","iFAST",2945453587.55046,120185.196585504,-227463.555558681,143.517841204113,3097820.37964095,"complicated_oral_65100_f_sensitivity.i","low"
"219","current",2945681051.10602,120328.714426708,0,0,0,"complicated_oral_65100_f_specificity.i","low"
"220","iFAST",2945082890.17031,120142.733907369,-598160.935709953,185.980519339428,4317771.32249851,"complicated_oral_65100_f_specificity.i","low"
"221","current",2946028866.53991,120367.716713419,0,0,0,"complicated_oral_65100_f_sensitivity.c","low"
"222","iFAST",2945074912.96261,120142.733907369,-953953.577296257,224.982806049578,5453609.69828782,"complicated_oral_65100_f_sensitivity.c","low"
"223","current",2945688328.59473,120328.714426708,0,0,0,"complicated_oral_65100_f_specificity.c","low"
"224","iFAST",2945074912.96261,120142.733907369,-613415.632115841,185.980519339428,4333026.0189044,"complicated_oral_65100_f_specificity.c","low"
"225","current",2945672604.38247,120328.714426708,0,0,0,"complicated_oral_65100_f_cost.empiricuti.U","low"
"226","iFAST",2945066700.451,120142.733907369,-605903.93146944,185.980519339428,4325514.31825799,"complicated_oral_65100_f_cost.empiricuti.U","low"
"227","current",2945680445.7807,120328.714426708,0,0,0,"complicated_oral_65100_f_cost.empiricuti.current","low"
"228","iFAST",2945074251.63009,120142.733907369,-606194.150610924,185.980519339428,4325804.53739948,"complicated_oral_65100_f_cost.empiricuti.current","low"
"229","current",2945681051.10602,120328.714426708,0,0,0,"complicated_oral_65100_f_cost.empiricuti.ifast","low"
"230","iFAST",2945074912.96261,120142.733907369,-606138.143407822,185.980519339428,4325748.53019638,"complicated_oral_65100_f_cost.empiricuti.ifast","low"
"231","current",2945660167.3823,120328.714426708,0,0,0,"complicated_oral_65100_f_cost.2ndline.U","low"
"232","iFAST",2945052096.9904,120142.733907369,-608070.391901016,185.980519339428,4327680.77868957,"complicated_oral_65100_f_cost.2ndline.U","low"
"233","current",2945694297.30668,120330.914415647,0,0,0,"complicated_oral_1664_m_r.prev","low"
"234","iFAST",2945096329.26391,120146.068994939,-597968.042771816,184.845420707366,4294876.45691914,"complicated_oral_1664_m_r.prev","low"
"235","current",2945681051.10602,120328.714426708,0,0,0,"complicated_oral_1664_m_sensitivity.i","low"
"236","iFAST",2945133040.87175,120150.871050352,-548010.23427248,177.843376356672,4104877.76140592,"complicated_oral_1664_m_sensitivity.i","low"
"237","current",2945681051.10602,120328.714426708,0,0,0,"complicated_oral_1664_m_specificity.i","low"
"238","iFAST",2945076062.87095,120142.733907369,-604988.235072136,185.980519339428,4324598.62186069,"complicated_oral_1664_m_specificity.i","low"
"239","current",2945734717.58049,120336.227027538,0,0,0,"complicated_oral_1664_m_sensitivity.c","low"
"240","iFAST",2945074912.96261,120142.733907369,-659804.617871284,193.493120168918,4529667.02124964,"complicated_oral_1664_m_sensitivity.c","low"
"241","current",2945682105.99989,120328.714426708,0,0,0,"complicated_oral_1664_m_specificity.c","low"
"242","iFAST",2945074912.96261,120142.733907369,-607193.037271023,185.980519339428,4326803.42405958,"complicated_oral_1664_m_specificity.c","low"
"243","current",2945679836.28957,120328.714426708,0,0,0,"complicated_oral_1664_m_cost.empiricuti.U","low"
"244","iFAST",2945073729.9463,120142.733907369,-606106.343267918,185.980519339428,4325716.73005647,"complicated_oral_1664_m_cost.empiricuti.U","low"
"245","current",2945680963.38161,120328.714426708,0,0,0,"complicated_oral_1664_m_cost.empiricuti.current","low"
"246","iFAST",2945074817.63382,120142.733907369,-606145.747789383,185.980519339428,4325756.13457794,"complicated_oral_1664_m_cost.empiricuti.current","low"
"247","current",2945681051.10602,120328.714426708,0,0,0,"complicated_oral_1664_m_cost.empiricuti.ifast","low"
"248","iFAST",2945074912.96261,120142.733907369,-606138.143407822,185.980519339428,4325748.53019638,"complicated_oral_1664_m_cost.empiricuti.ifast","low"
"249","current",2945678024.61379,120328.714426708,0,0,0,"complicated_oral_1664_m_cost.2ndline.U","low"
"250","iFAST",2945071624.11923,120142.733907369,-606400.494564533,185.980519339428,4326010.88135309,"complicated_oral_1664_m_cost.2ndline.U","low"
"251","current",2945735159.36719,120337.704156747,0,0,0,"complicated_oral_65100_m_r.prev","low"
"252","iFAST",2945165815.53478,120156.792608468,-569343.832417488,180.911548279575,4187574.79800899,"complicated_oral_65100_m_r.prev","low"
"253","current",2945681051.10602,120328.714426708,0,0,0,"complicated_oral_65100_m_sensitivity.i","low"
"254","iFAST",2945322363.79294,120177.087499168,-358687.313083172,151.626927540798,3391225.86389912,"complicated_oral_65100_m_sensitivity.i","low"
"255","current",2945681051.10602,120328.714426708,0,0,0,"complicated_oral_65100_m_specificity.i","low"
"256","iFAST",2945080105.17094,120142.733907369,-600945.935078144,185.980519339428,4320556.3218667,"complicated_oral_65100_m_specificity.i","low"
"257","current",2945908412.51918,120360.279005347,0,0,0,"complicated_oral_65100_m_sensitivity.c","low"
"258","iFAST",2945074912.96261,120142.733907369,-833499.556568623,217.54509797832,5184401.51613502,"complicated_oral_65100_m_sensitivity.c","low"
"259","current",2945685789.59139,120328.714426708,0,0,0,"complicated_oral_65100_m_specificity.c","low"
"260","iFAST",2945074912.96261,120142.733907369,-610876.62877655,185.980519339428,4330487.0155651,"complicated_oral_65100_m_specificity.c","low"
"261","current",2945675554.11037,120328.714426708,0,0,0,"complicated_oral_65100_m_cost.empiricuti.U","low"
"262","iFAST",2945069567.83736,120142.733907369,-605986.273010731,185.980519339428,4325596.65979929,"complicated_oral_65100_m_cost.empiricuti.U","low"
"263","current",2945680656.97498,120328.714426708,0,0,0,"complicated_oral_65100_m_cost.empiricuti.current","low"
"264","iFAST",2945074482.51474,120142.733907369,-606174.460242271,185.980519339428,4325784.84703083,"complicated_oral_65100_m_cost.empiricuti.current","low"
"265","current",2945681051.10602,120328.714426708,0,0,0,"complicated_oral_65100_m_cost.empiricuti.ifast","low"
"266","iFAST",2945074912.96261,120142.733907369,-606138.143407822,185.980519339428,4325748.53019638,"complicated_oral_65100_m_cost.empiricuti.ifast","low"
"267","current",2945667453.58513,120328.714426708,0,0,0,"complicated_oral_65100_m_cost.2ndline.U","low"
"268","iFAST",2945060062.51094,120142.733907369,-607391.074185371,185.980519339428,4327001.46097393,"complicated_oral_65100_m_cost.2ndline.U","low"
"269","current",2946646919.50602,120328.714426708,0,0,0,"all_all_all_cost.standardtest.U","high"
"270","iFAST",2945074912.96261,120142.733907369,-1572006.54340792,185.980519339428,5291616.93019647,"all_all_all_cost.standardtest.U","high"
"271","current",2945681051.10602,120328.714426708,0,0,0,"all_all_all_cost.ifast.U","high"
"272","iFAST",2946040781.36261,120142.733907369,359730.256592274,185.980519339428,3359880.13019628,"all_all_all_cost.ifast.U","high"
"273","current",3617552549.6077,120328.714426708,0,0,0,"all_all_all_cost.bed.general","high"
"274","iFAST",3616823503.69793,120142.733907369,-729045.909763813,185.980519339428,4448656.29655237,"all_all_all_cost.bed.general","high"
"275","current",3011980127.81298,120328.714426708,0,0,0,"all_all_all_cost.bed.icu","high"
"276","iFAST",3011341143.84067,120142.733907369,-638983.972309589,185.980519339428,4358594.35909814,"all_all_all_cost.bed.icu","high"
"277","current",3696544549.61072,120328.714426708,0,0,0,"uncomplicated_all_all_prop.uti.icu","high"
"278","iFAST",3695851902.04272,120142.733907369,-692647.567997456,185.980519339428,4412257.95478601,"uncomplicated_all_all_prop.uti.icu","high"
"279","current",2969137083.32201,120328.714426708,0,0,0,"complicated_IV_all_all_prop.uti.icu","high"
"280","iFAST",2968522290.71026,120142.733907369,-614792.611748219,185.980519339428,4334402.99853677,"complicated_IV_all_all_prop.uti.icu","high"
"281","current",2969128624.73158,120328.714426708,0,0,0,"complicated_oral_all_all_prop.uti.icu","high"
"282","iFAST",2968507881.53615,120142.733907369,-620743.195425987,185.980519339428,4340353.58221454,"complicated_oral_all_all_prop.uti.icu","high"
"283","current",2945899038.68796,120328.714426708,0,0,0,"all_all_all_prop.bsi.icu","high"
"284","iFAST",2945292815.12751,120142.733907369,-606223.560445309,185.980519339428,4325833.94723386,"all_all_all_prop.bsi.icu","high"
"285","current",2945681051.10602,120011.903483922,0,0,0,"all_all_all_r.multip.mort","high"
"286","iFAST",2945074912.96261,119633.136550509,-606138.143407822,378.766933412742,8181476.81166267,"all_all_all_r.multip.mort","high"
"287","current",2944550149.84413,120144.313260547,0,0,0,"all_all_all_prop.inap","high"
"288","iFAST",2943944258.06529,119958.590740424,-605891.778840542,185.722520122858,4320342.18129769,"all_all_all_prop.inap","high"
"289","current",2945681051.10602,120338.025967468,0,0,0,"all_1664_f_prop.bsi2die","high"
"290","iFAST",2945074912.96261,120152.04029153,-606138.143407822,185.985675937744,4325851.66216269,"all_1664_f_prop.bsi2die","high"
"291","current",2945681051.10602,123764.986337827,0,0,0,"all_1664_f_prop.uti2die","high"
"292","iFAST",2945074912.96261,123571.590639454,-606138.143407822,193.395698372435,4474052.11085652,"all_1664_f_prop.uti2die","high"
"293","current",2890368486.83859,120331.511094,0,0,0,"all_1664_f_p.uti2discharge_other","high"
"294","iFAST",2889791054.88114,120138.464502425,-577431.957452297,193.046591575345,4438363.78895919,"all_1664_f_p.uti2discharge_other","high"
"295","current",2945589533.451,120328.714419341,0,0,0,"all_1664_f_p.bsi2discharge","high"
"296","iFAST",2944983445.98876,120142.733900006,-606087.462236881,185.980519335251,4325697.84894191,"all_1664_f_p.bsi2discharge","high"
"297","current",2945681051.10602,120338.009022049,0,0,0,"all_1664_m_prop.bsi2die","high"
"298","iFAST",2945074912.96261,120152.025178029,-606138.143407822,185.983844019764,4325815.02380309,"all_1664_m_prop.bsi2die","high"
"299","current",2945681051.10602,122870.684599253,0,0,0,"all_1664_m_prop.uti2die","high"
"300","iFAST",2945074912.96261,122681.157297293,-606138.143407822,189.527301960203,4396684.18261188,"all_1664_m_prop.uti2die","high"
"301","current",2899401212.80324,120328.027150159,0,0,0,"all_1664_m_p.uti2discharge_other","high"
"302","iFAST",2898805117.02019,120138.602984292,-596095.783049107,189.424165867327,4384579.10039565,"all_1664_m_p.uti2discharge_other","high"
"303","current",2945585538.95434,120328.714435178,0,0,0,"all_1664_m_p.bsi2discharge","high"
"304","iFAST",2944979434.97567,120142.733915836,-606103.978672028,185.980519342105,4325714.36551413,"all_1664_m_p.bsi2discharge","high"
"305","current",2945681051.10602,120372.778670833,0,0,0,"all_65100_f_prop.bsi2die","high"
"306","iFAST",2945074912.96261,120186.781422905,-606138.143407822,185.997247927866,4326083.10196514,"all_65100_f_prop.bsi2die","high"
"307","current",2945681051.10602,133602.053681394,0,0,0,"all_65100_f_prop.uti2die","high"
"308","iFAST",2945074912.96261,133396.41974345,-606138.143407822,205.633937944309,4718816.902294,"all_65100_f_prop.uti2die","high"
"309","current",2643482561.92288,120328.938818023,0,0,0,"all_65100_f_p.uti2discharge_other","high"
"310","iFAST",2642950548.06354,120123.913948925,-532013.859336376,205.024869097819,4632511.24129275,"all_65100_f_p.uti2discharge_other","high"
"311","current",2945136728.16961,120328.714391758,0,0,0,"all_65100_f_p.bsi2discharge","high"
"312","iFAST",2944530796.67344,120142.733872432,-605931.496168613,185.980519325647,4325541.88268155,"all_65100_f_p.bsi2discharge","high"
"313","current",2945681051.10602,120355.608458231,0,0,0,"all_65100_m_prop.bsi2die","high"
"314","iFAST",2945074912.96261,120169.617767019,-606138.143407822,185.990691212181,4325951.96765143,"all_65100_m_prop.bsi2die","high"
"315","current",2945681051.10602,131068.953727937,0,0,0,"all_65100_m_prop.uti2die","high"
"316","iFAST",2945074912.96261,130867.129834177,-606138.143407822,201.823893759269,4642616.0185932,"all_65100_m_prop.uti2die","high"
"317","current",2748237896.19477,120336.061685348,0,0,0,"all_65100_m_p.uti2discharge_other","high"
"318","iFAST",2747679644.10242,120134.72667971,-558252.09234333,201.335005638466,4584952.20511265,"all_65100_m_p.uti2discharge_other","high"
"319","current",2945322587.94544,120328.714404027,0,0,0,"all_65100_m_p.bsi2discharge","high"
"320","iFAST",2944716585.38014,120142.733884697,-606002.565304279,185.980519330755,4325612.95191937,"all_65100_m_p.bsi2discharge","high"
"321","current",2945455053.87958,120263.926365702,0,0,0,"uncomplicated_1664_f_r.prev","high"
"322","iFAST",2944494112.19168,120002.471376951,-960941.68790102,261.454988750862,6190041.46291826,"uncomplicated_1664_f_r.prev","high"
"323","current",2945681051.10602,120328.714426708,0,0,0,"uncomplicated_1664_f_sensitivity.i","high"
"324","iFAST",2945035856.36418,120134.260965025,-645194.741843224,194.453461683093,4534263.97550509,"uncomplicated_1664_f_sensitivity.i","high"
"325","current",2945681051.10602,120328.714426708,0,0,0,"uncomplicated_1664_f_specificity.i","high"
"326","iFAST",2945054029.74771,120142.733907369,-627021.358308315,185.980519339413,4346631.74509658,"uncomplicated_1664_f_specificity.i","high"
"327","current",2945646646.93304,120321.250782004,0,0,0,"uncomplicated_1664_f_sensitivity.c","high"
"328","iFAST",2945074912.96261,120142.733907369,-571733.970421314,178.516874634646,4142071.46311424,"uncomplicated_1664_f_sensitivity.c","high"
"329","current",2945662841.31887,120328.714426708,0,0,0,"uncomplicated_1664_f_specificity.c","high"
"330","iFAST",2945074912.96261,120142.733907369,-587928.356252193,185.980519339428,4307538.74304075,"uncomplicated_1664_f_specificity.c","high"
"331","current",2945759463.30281,120328.714426708,0,0,0,"uncomplicated_1664_f_cost.empiricuti.U","high"
"332","iFAST",2945151111.19594,120142.733907369,-608352.106864452,185.980519339428,4327962.49365301,"uncomplicated_1664_f_cost.empiricuti.U","high"
"333","current",2945691322.68613,120328.714426708,0,0,0,"uncomplicated_1664_f_cost.empiricuti.current","high"
"334","iFAST",2945086662.54579,120142.733907369,-604660.140330791,185.980519339428,4324270.52711935,"uncomplicated_1664_f_cost.empiricuti.current","high"
"335","current",2945681051.10602,120328.714426708,0,0,0,"uncomplicated_1664_f_cost.empiricuti.ifast","high"
"336","iFAST",2945074912.96261,120142.733907369,-606138.143407822,185.980519339428,4325748.53019638,"uncomplicated_1664_f_cost.empiricuti.ifast","high"
"337","current",2945693647.52936,120328.714426708,0,0,0,"uncomplicated_1664_f_cost.2ndline.U","high"
"338","iFAST",2945089321.91647,120142.733907369,-604325.612885952,185.980519339428,4323935.99967451,"uncomplicated_1664_f_cost.2ndline.U","high"
"339","current",2945676156.64129,120327.895881949,0,0,0,"complicated_IV_1664_f_r.prev","high"
"340","iFAST",2945063920.72032,120140.965866077,-612235.920967102,186.930015872436,4350836.23841583,"complicated_IV_1664_f_r.prev","high"
"341","current",2945681051.10602,120328.714426708,0,0,0,"complicated_IV_1664_f_sensitivity.i","high"
"342","iFAST",2945062782.88134,120140.833893673,-618268.224685669,187.880533034942,4375878.88538452,"complicated_IV_1664_f_sensitivity.i","high"
"343","current",2945681051.10602,120328.714426708,0,0,0,"complicated_IV_1664_f_specificity.i","high"
"344","iFAST",2945082310.17054,120142.733907369,-598740.935479641,185.980519339428,4318351.3222682,"complicated_IV_1664_f_specificity.i","high"
"345","current",2945670367.04768,120327.040913011,0,0,0,"complicated_IV_1664_f_sensitivity.c","high"
"346","iFAST",2945074912.96261,120142.733907369,-595454.085069656,184.3070056422,4281594.19791366,"complicated_IV_1664_f_sensitivity.c","high"
"347","current",2945687500.62949,120328.714426708,0,0,0,"complicated_IV_1664_f_specificity.c","high"
"348","iFAST",2945074912.96261,120142.733907369,-612587.6668787,185.980519339428,4332198.05366725,"complicated_IV_1664_f_specificity.c","high"
"349","current",2945681051.10602,120328.714426708,0,0,0,"complicated_IV_1664_f_cost.empiricuti.U","high"
"350","iFAST",2945074912.96261,120142.733907369,-606138.143407822,185.980519339428,4325748.53019638,"complicated_IV_1664_f_cost.empiricuti.U","high"
"351","current",2945681051.10602,120328.714426708,0,0,0,"complicated_IV_1664_f_cost.empiricuti.current","high"
"352","iFAST",2945074912.96261,120142.733907369,-606138.143407822,185.980519339428,4325748.53019638,"complicated_IV_1664_f_cost.empiricuti.current","high"
"353","current",2945681051.10602,120328.714426708,0,0,0,"complicated_IV_1664_f_cost.empiricuti.ifast","high"
"354","iFAST",2945074912.96261,120142.733907369,-606138.143407822,185.980519339428,4325748.53019638,"complicated_IV_1664_f_cost.empiricuti.ifast","high"
"355","current",2945690312.02565,120328.714426708,0,0,0,"complicated_IV_1664_f_cost.2ndline.U","high"
"356","iFAST",2945085493.03189,120142.733907369,-604818.993757248,185.980519339428,4324429.3805458,"complicated_IV_1664_f_cost.2ndline.U","high"
"357","current",2943708975.61439,119976.97824192,0,0,0,"uncomplicated_65100_f_r.prev","high"
"358","iFAST",2941754238.77076,119590.891296673,-1954736.8436265,386.086945246701,9676475.74856053,"uncomplicated_65100_f_r.prev","high"
"359","current",2945681051.10602,120328.714426708,0,0,0,"uncomplicated_65100_f_sensitivity.i","high"
"360","iFAST",2944857342.41978,120109.850581494,-823708.686243057,218.863845213957,5200985.59052219,"uncomplicated_65100_f_sensitivity.i","high"
"361","current",2945681051.10602,120328.714426708,0,0,0,"uncomplicated_65100_f_specificity.i","high"
"362","iFAST",2944997223.30325,120142.733907369,-683827.802770138,185.980519339355,4403438.18955724,"uncomplicated_65100_f_specificity.i","high"
"363","current",2945481183.74485,120298.506736388,0,0,0,"uncomplicated_65100_f_sensitivity.c","high"
"364","iFAST",2945074912.96261,120142.733907369,-406270.782240868,155.772829019363,3521727.36262812,"uncomplicated_65100_f_sensitivity.c","high"
"365","current",2945610165.55971,120328.714426708,0,0,0,"uncomplicated_65100_f_specificity.c","high"
"366","iFAST",2945074912.96261,120142.733907369,-535252.597092628,185.980519339457,4254862.98388176,"uncomplicated_65100_f_specificity.c","high"
"367","current",2945968692.52109,120328.714426708,0,0,0,"uncomplicated_65100_f_cost.empiricuti.U","high"
"368","iFAST",2945356922.12057,120142.733907369,-611770.400512218,185.980519339428,4331380.78730077,"uncomplicated_65100_f_cost.empiricuti.U","high"
"369","current",2945720998.44276,120328.714426708,0,0,0,"uncomplicated_65100_f_cost.empiricuti.current","high"
"370","iFAST",2945118620.29516,120142.733907369,-602378.147593498,185.980519339428,4321988.53438205,"uncomplicated_65100_f_cost.empiricuti.current","high"
"371","current",2945681051.10602,120328.714426708,0,0,0,"uncomplicated_65100_f_cost.empiricuti.ifast","high"
"372","iFAST",2945074912.96261,120142.733907369,-606138.143407822,185.980519339428,4325748.53019638,"uncomplicated_65100_f_cost.empiricuti.ifast","high"
"373","current",2945730040.02103,120328.714426708,0,0,0,"uncomplicated_65100_f_cost.2ndline.U","high"
"374","iFAST",2945128512.9013,120142.733907369,-601527.11973381,185.980519339428,4321137.50652236,"uncomplicated_65100_f_cost.2ndline.U","high"
"375","current",2945643713.39317,120324.275873697,0,0,0,"complicated_IV_65100_f_r.prev","high"
"376","iFAST",2945014587.84862,120135.778065766,-629125.544548988,188.497807930777,4399081.70316452,"complicated_IV_65100_f_r.prev","high"
"377","current",2945681051.10602,120328.714426708,0,0,0,"complicated_IV_65100_f_sensitivity.i","high"
"378","iFAST",2945007999.29368,120135.359961114,-673051.812346458,193.354465594268,4540141.12423182,"complicated_IV_65100_f_sensitivity.i","high"
"379","current",2945681051.10602,120328.714426708,0,0,0,"complicated_IV_65100_f_specificity.i","high"
"380","iFAST",2945102432.12163,120142.733907369,-578618.98439455,185.980519339428,4298229.3711831,"complicated_IV_65100_f_specificity.i","high"
"381","current",2945619586.21688,120321.940940857,0,0,0,"complicated_IV_65100_f_sensitivity.c","high"
"382","iFAST",2945074912.96261,120142.733907369,-544673.254267693,179.207033487604,4128813.92401978,"complicated_IV_65100_f_sensitivity.c","high"
"383","current",2945706158.2747,120328.714426708,0,0,0,"complicated_IV_65100_f_specificity.c","high"
"384","iFAST",2945074912.96261,120142.733907369,-631245.312089443,185.980519339428,4350855.698878,"complicated_IV_65100_f_specificity.c","high"
"385","current",2945681051.10602,120328.714426708,0,0,0,"complicated_IV_65100_f_cost.empiricuti.U","high"
"386","iFAST",2945074912.96261,120142.733907369,-606138.143407822,185.980519339428,4325748.53019638,"complicated_IV_65100_f_cost.empiricuti.U","high"
"387","current",2945681051.10602,120328.714426708,0,0,0,"complicated_IV_65100_f_cost.empiricuti.current","high"
"388","iFAST",2945074912.96261,120142.733907369,-606138.143407822,185.980519339428,4325748.53019638,"complicated_IV_65100_f_cost.empiricuti.current","high"
"389","current",2945681051.10602,120328.714426708,0,0,0,"complicated_IV_65100_f_cost.empiricuti.ifast","high"
"390","iFAST",2945074912.96261,120142.733907369,-606138.143407822,185.980519339428,4325748.53019638,"complicated_IV_65100_f_cost.empiricuti.ifast","high"
"391","current",2945717051.29853,120328.714426708,0,0,0,"complicated_IV_65100_f_cost.2ndline.U","high"
"392","iFAST",2945114268.27835,120142.733907369,-602783.02018404,185.980519339428,4322393.40697259,"complicated_IV_65100_f_cost.2ndline.U","high"
"393","current",2945365124.5295,120258.905457714,0,0,0,"uncomplicated_1664_m_r.prev","high"
"394","iFAST",2944564067.82382,120036.808711916,-801056.705676079,222.096745798364,5242991.62164336,"uncomplicated_1664_m_r.prev","high"
"395","current",2945681051.10602,120328.714426708,0,0,0,"uncomplicated_1664_m_sensitivity.i","high"
"396","iFAST",2945041520.96709,120136.432468998,-639530.138933182,192.28195771022,4485169.29313758,"uncomplicated_1664_m_sensitivity.i","high"
"397","current",2945681051.10602,120328.714426708,0,0,0,"uncomplicated_1664_m_specificity.i","high"
"398","iFAST",2945063247.44682,120142.733907369,-617803.659205437,185.980519339442,4337414.04599428,"uncomplicated_1664_m_specificity.i","high"
"399","current",2945650218.07318,120322.895892828,0,0,0,"uncomplicated_1664_m_sensitivity.c","high"
"400","iFAST",2945074912.96261,120142.733907369,-575305.110570431,180.161985459403,4178544.81975849,"uncomplicated_1664_m_sensitivity.c","high"
"401","current",2945670348.00938,120328.714426708,0,0,0,"uncomplicated_1664_m_specificity.c","high"
"402","iFAST",2945074912.96261,120142.733907369,-595435.046761036,185.980519339399,4315045.43354901,"uncomplicated_1664_m_specificity.c","high"
"403","current",2945777704.40788,120328.714426708,0,0,0,"uncomplicated_1664_m_cost.empiricuti.U","high"
"404","iFAST",2945169780.43197,120142.733907369,-607923.975903988,185.980519339428,4327534.36269254,"uncomplicated_1664_m_cost.empiricuti.U","high"
"405","current",2945686840.88067,120328.714426708,0,0,0,"uncomplicated_1664_m_cost.empiricuti.current","high"
"406","iFAST",2945081213.27526,120142.733907369,-605627.605412006,185.980519339428,4325237.99220056,"uncomplicated_1664_m_cost.empiricuti.current","high"
"407","current",2945681051.10602,120328.714426708,0,0,0,"uncomplicated_1664_m_cost.empiricuti.ifast","high"
"408","iFAST",2945074912.96261,120142.733907369,-606138.143407822,185.980519339428,4325748.53019638,"uncomplicated_1664_m_cost.empiricuti.ifast","high"
"409","current",2945692916.57011,120328.714426708,0,0,0,"uncomplicated_1664_m_cost.2ndline.U","high"
"410","iFAST",2945087824.71445,120142.733907369,-605091.8556633,185.980519339428,4324702.24245185,"uncomplicated_1664_m_cost.2ndline.U","high"
"411","current",2945674954.11199,120327.833602303,0,0,0,"complicated_IV_1664_m_r.prev","high"
"412","iFAST",2945065482.13177,120141.398752856,-609471.980215549,186.434849447542,4338168.96916638,"complicated_IV_1664_m_r.prev","high"
"413","current",2945681051.10602,120328.714426708,0,0,0,"complicated_IV_1664_m_sensitivity.i","high"
"414","iFAST",2945064601.01129,120141.32083557,-616450.094736576,187.39359113801,4364321.91749678,"complicated_IV_1664_m_sensitivity.i","high"
"415","current",2945681051.10602,120328.714426708,0,0,0,"complicated_IV_1664_m_specificity.i","high"
"416","iFAST",2945080481.47109,120142.733907369,-600569.63493681,185.980519339428,4320180.02172536,"complicated_IV_1664_m_specificity.i","high"
"417","current",2945671530.00891,120327.409727582,0,0,0,"complicated_IV_1664_m_sensitivity.c","high"
"418","iFAST",2945074912.96261,120142.733907369,-596617.046291828,184.675820212564,4290133.45054311,"complicated_IV_1664_m_sensitivity.c","high"
"419","current",2945686159.85344,120328.714426708,0,0,0,"complicated_IV_1664_m_specificity.c","high"
"420","iFAST",2945074912.96261,120142.733907369,-611246.890822411,185.980519339428,4330857.27761097,"complicated_IV_1664_m_specificity.c","high"
"421","current",2945681051.10602,120328.714426708,0,0,0,"complicated_IV_1664_m_cost.empiricuti.U","high"
"422","iFAST",2945074912.96261,120142.733907369,-606138.143407822,185.980519339428,4325748.53019638,"complicated_IV_1664_m_cost.empiricuti.U","high"
"423","current",2945681051.10602,120328.714426708,0,0,0,"complicated_IV_1664_m_cost.empiricuti.current","high"
"424","iFAST",2945074912.96261,120142.733907369,-606138.143407822,185.980519339428,4325748.53019638,"complicated_IV_1664_m_cost.empiricuti.current","high"
"425","current",2945681051.10602,120328.714426708,0,0,0,"complicated_IV_1664_m_cost.empiricuti.ifast","high"
"426","iFAST",2945074912.96261,120142.733907369,-606138.143407822,185.980519339428,4325748.53019638,"complicated_IV_1664_m_cost.empiricuti.ifast","high"
"427","current",2945686268.50692,120328.714426708,0,0,0,"complicated_IV_1664_m_cost.2ndline.U","high"
"428","iFAST",2945080585.91482,120142.733907369,-605682.592103481,185.980519339428,4325292.97889204,"complicated_IV_1664_m_cost.2ndline.U","high"
"429","current",2944390768.87415,120043.48273498,0,0,0,"uncomplicated_65100_m_r.prev","high"
"430","iFAST",2942906883.80716,119696.22030027,-1483885.06699038,347.262434709948,8429133.76118934,"uncomplicated_65100_m_r.prev","high"
"431","current",2945681051.10602,120328.714426708,0,0,0,"uncomplicated_65100_m_sensitivity.i","high"
"432","iFAST",2944932774.54444,120116.130274747,-748276.561582088,212.584151960909,4999959.60080028,"uncomplicated_65100_m_sensitivity.i","high"
"433","current",2945681051.10602,120328.714426708,0,0,0,"uncomplicated_65100_m_specificity.i","high"
"434","iFAST",2945022239.34208,120142.733907369,-658811.763938904,185.980519339384,4378422.15072658,"uncomplicated_65100_m_specificity.i","high"
"435","current",2945550434.56314,120304.267309789,0,0,0,"uncomplicated_65100_m_sensitivity.c","high"
"436","iFAST",2945074912.96261,120142.733907369,-475521.600527287,161.533402420129,3706189.64892987,"uncomplicated_65100_m_sensitivity.c","high"
"437","current",2945632973.3503,120328.714426708,0,0,0,"uncomplicated_65100_m_specificity.c","high"
"438","iFAST",2945074912.96261,120142.733907369,-558060.387690544,185.980519339399,4277670.77447852,"uncomplicated_65100_m_specificity.c","high"
"439","current",2946118191.20252,120328.714426708,0,0,0,"uncomplicated_65100_m_cost.empiricuti.U","high"
"440","iFAST",2945503524.70039,120142.733907369,-614666.502129555,185.980519339428,4334276.88891811,"uncomplicated_65100_m_cost.empiricuti.U","high"
"441","current",2945707061.22667,120328.714426708,0,0,0,"uncomplicated_65100_m_cost.empiricuti.current","high"
"442","iFAST",2945103361.19052,120142.733907369,-603700.036149979,185.980519339428,4323310.42293853,"uncomplicated_65100_m_cost.empiricuti.current","high"
"443","current",2945681051.10602,120328.714426708,0,0,0,"uncomplicated_65100_m_cost.empiricuti.ifast","high"
"444","iFAST",2945074912.96261,120142.733907369,-606138.143407822,185.980519339428,4325748.53019638,"uncomplicated_65100_m_cost.empiricuti.ifast","high"
"445","current",2945734355.79772,120328.714426708,0,0,0,"uncomplicated_65100_m_cost.2ndline.U","high"
"446","iFAST",2945133214.26919,120142.733907369,-601141.528533459,185.980519339428,4320751.91532201,"uncomplicated_65100_m_cost.2ndline.U","high"
"447","current",2945655819.16122,120325.115111457,0,0,0,"complicated_IV_65100_m_r.prev","high"
"448","iFAST",2945034649.01931,120137.105704215,-621170.141912937,188.009407242484,4381358.28676261,"complicated_IV_65100_m_r.prev","high"
"449","current",2945681051.10602,120328.714426708,0,0,0,"complicated_IV_65100_m_sensitivity.i","high"
"450","iFAST",2945030952.03221,120136.768158673,-650099.073813915,191.946268035434,4489024.43452259,"complicated_IV_65100_m_sensitivity.i","high"
"451","current",2945681051.10602,120328.714426708,0,0,0,"complicated_IV_65100_m_specificity.i","high"
"452","iFAST",2945100056.5905,120142.733907369,-580994.515517235,185.980519339428,4300604.90230579,"complicated_IV_65100_m_specificity.i","high"
"453","current",2945640656.42577,120323.232638465,0,0,0,"complicated_IV_65100_m_sensitivity.c","high"
"454","iFAST",2945074912.96261,120142.733907369,-565743.463159561,180.498731096319,4175718.08508594,"complicated_IV_65100_m_sensitivity.c","high"
"455","current",2945703999.23021,120328.714426708,0,0,0,"complicated_IV_65100_m_specificity.c","high"
"456","iFAST",2945074912.96261,120142.733907369,-629086.267591476,185.980519339428,4348696.65438003,"complicated_IV_65100_m_specificity.c","high"
"457","current",2945681051.10602,120328.714426708,0,0,0,"complicated_IV_65100_m_cost.empiricuti.U","high"
"458","iFAST",2945074912.96261,120142.733907369,-606138.143407822,185.980519339428,4325748.53019638,"complicated_IV_65100_m_cost.empiricuti.U","high"
"459","current",2945681051.10602,120328.714426708,0,0,0,"complicated_IV_65100_m_cost.empiricuti.current","high"
"460","iFAST",2945074912.96261,120142.733907369,-606138.143407822,185.980519339428,4325748.53019638,"complicated_IV_65100_m_cost.empiricuti.current","high"
"461","current",2945681051.10602,120328.714426708,0,0,0,"complicated_IV_65100_m_cost.empiricuti.ifast","high"
"462","iFAST",2945074912.96261,120142.733907369,-606138.143407822,185.980519339428,4325748.53019638,"complicated_IV_65100_m_cost.empiricuti.ifast","high"
"463","current",2945704491.11491,120328.714426708,0,0,0,"complicated_IV_65100_m_cost.2ndline.U","high"
"464","iFAST",2945100528.54194,120142.733907369,-603962.572973728,185.980519339428,4323572.95976228,"complicated_IV_65100_m_cost.2ndline.U","high"
"465","current",2945671581.22818,120326.692137593,0,0,0,"complicated_oral_1664_f_r.prev","high"
"466","iFAST",2945050574.43696,120138.354686117,-621006.79122448,188.337451475527,4387755.82073502,"complicated_oral_1664_f_r.prev","high"
"467","current",2945681051.10602,120328.714426708,0,0,0,"complicated_oral_1664_f_sensitivity.i","high"
"468","iFAST",2945057918.56714,120139.998623522,-623132.538878918,188.715803186657,4397448.60261205,"complicated_oral_1664_f_sensitivity.i","high"
"469","current",2945681051.10602,120328.714426708,0,0,0,"complicated_oral_1664_f_specificity.i","high"
"470","iFAST",2945071696.53817,120142.733907369,-609354.567848206,185.980519339428,4328964.95463676,"complicated_oral_1664_f_specificity.i","high"
"471","current",2945666084.13137,120326.305460525,0,0,0,"complicated_oral_1664_f_sensitivity.c","high"
"472","iFAST",2945074912.96261,120142.733907369,-591171.168760777,183.571553156231,4262602.2318854,"complicated_oral_1664_f_sensitivity.c","high"
"473","current",2945678247.05852,120328.714426708,0,0,0,"complicated_oral_1664_f_specificity.c","high"
"474","iFAST",2945074912.96261,120142.733907369,-603334.095902443,185.980519339428,4322944.482691,"complicated_oral_1664_f_specificity.c","high"
"475","current",2945683011.28924,120328.714426708,0,0,0,"complicated_oral_1664_f_cost.empiricuti.U","high"
"476","iFAST",2945076795.05973,120142.733907369,-606216.229509354,185.980519339428,4325826.61629791,"complicated_oral_1664_f_cost.empiricuti.U","high"
"477","current",2945681178.55405,120328.714426708,0,0,0,"complicated_oral_1664_f_cost.empiricuti.current","high"
"478","iFAST",2945075058.43051,120142.733907369,-606120.123538017,185.980519339428,4325730.51032657,"complicated_oral_1664_f_cost.empiricuti.current","high"
"479","current",2945681051.10602,120328.714426708,0,0,0,"complicated_oral_1664_f_cost.empiricuti.ifast","high"
"480","iFAST",2945074912.96261,120142.733907369,-606138.143407822,185.980519339428,4325748.53019638,"complicated_oral_1664_f_cost.empiricuti.ifast","high"
"481","current",2945684577.16809,120328.714426708,0,0,0,"complicated_oral_1664_f_cost.2ndline.U","high"
"482","iFAST",2945078937.5744,120142.733907369,-605639.593683243,185.980519339428,4325249.9804718,"complicated_oral_1664_f_cost.2ndline.U","high"
"483","current",2945598410.72318,120317.733942389,0,0,0,"complicated_oral_65100_f_r.prev","high"
"484","iFAST",2944935758.47419,120125.504426462,-662652.248989582,192.229515927014,4507242.56752987,"complicated_oral_65100_f_r.prev","high"
"485","current",2945681051.10602,120328.714426708,0,0,0,"complicated_oral_65100_f_sensitivity.i","high"
"486","iFAST",2944980244.31565,120132.118237835,-700806.790370464,196.596188873242,4632730.5678353,"complicated_oral_65100_f_sensitivity.i","high"
"487","current",2945681051.10602,120328.714426708,0,0,0,"complicated_oral_65100_f_specificity.i","high"
"488","iFAST",2945062947.15107,120142.733907369,-618103.954954624,185.980519339428,4337714.34174318,"complicated_oral_65100_f_specificity.i","high"
"489","current",2945594097.24755,120318.963855031,0,0,0,"complicated_oral_65100_f_sensitivity.c","high"
"490","iFAST",2945074912.96261,120142.733907369,-519184.284935951,176.229947661894,4043783.23817382,"complicated_oral_65100_f_sensitivity.c","high"
"491","current",2945670134.87296,120328.714426708,0,0,0,"complicated_oral_65100_f_specificity.c","high"
"492","iFAST",2945074912.96261,120142.733907369,-595221.910346508,185.980519339428,4314832.29713506,"complicated_oral_65100_f_specificity.c","high"
"493","current",2945688212.4586,120328.714426708,0,0,0,"complicated_oral_65100_f_cost.empiricuti.U","high"
"494","iFAST",2945081875.7442,120142.733907369,-606336.714399338,185.980519339428,4325947.10118789,"complicated_oral_65100_f_cost.empiricuti.U","high"
"495","current",2945681546.3722,120328.714426708,0,0,0,"complicated_oral_65100_f_cost.empiricuti.current","high"
"496","iFAST",2945075454.05286,120142.733907369,-606092.319333076,185.980519339428,4325702.70612163,"complicated_oral_65100_f_cost.empiricuti.current","high"
"497","current",2945681051.10602,120328.714426708,0,0,0,"complicated_oral_65100_f_cost.empiricuti.ifast","high"
"498","iFAST",2945074912.96261,120142.733907369,-606138.143407822,185.980519339428,4325748.53019638,"complicated_oral_65100_f_cost.empiricuti.ifast","high"
"499","current",2945694753.4702,120328.714426708,0,0,0,"complicated_oral_65100_f_cost.2ndline.U","high"
"500","iFAST",2945089883.1262,120142.733907369,-604870.344001293,185.980519339428,4324480.73078985,"complicated_oral_65100_f_cost.2ndline.U","high"
"501","current",2945667792.70299,120326.535108566,0,0,0,"complicated_oral_1664_m_r.prev","high"
"502","iFAST",2945053485.24595,120139.426737738,-614307.457039833,187.108370828311,4356474.87360606,"complicated_oral_1664_m_r.prev","high"
"503","current",2945681051.10602,120328.714426708,0,0,0,"complicated_oral_1664_m_sensitivity.i","high"
"504","iFAST",2945060380.98533,120140.699621623,-620670.120691776,188.014805085128,4380966.22239433,"complicated_oral_1664_m_sensitivity.i","high"
"505","current",2945681051.10602,120328.714426708,0,0,0,"complicated_oral_1664_m_specificity.i","high"
"506","iFAST",2945073188.10011,120142.733907369,-607863.00591135,185.980519339428,4327473.3926999,"complicated_oral_1664_m_specificity.i","high"
"507","current",2945667634.48741,120326.836276501,0,0,0,"complicated_oral_1664_m_sensitivity.c","high"
"508","iFAST",2945074912.96261,120142.733907369,-592721.524792194,184.102369132059,4274768.90743337,"complicated_oral_1664_m_sensitivity.c","high"
"509","current",2945679468.76523,120328.714426708,0,0,0,"complicated_oral_1664_m_specificity.c","high"
"510","iFAST",2945074912.96261,120142.733907369,-604555.802613735,185.980519339428,4324166.18940229,"complicated_oral_1664_m_specificity.c","high"
"511","current",2945682081.0591,120328.714426708,0,0,0,"complicated_oral_1664_m_cost.empiricuti.U","high"
"512","iFAST",2945075915.95471,120142.733907369,-606165.104396343,185.980519339428,4325775.4911849,"complicated_oral_1664_m_cost.empiricuti.U","high"
"513","current",2945681122.88054,120328.714426708,0,0,0,"complicated_oral_1664_m_cost.empiricuti.current","high"
"514","iFAST",2945074990.9589,120142.733907369,-606131.92164135,185.980519339428,4325742.3084299,"complicated_oral_1664_m_cost.empiricuti.current","high"
"515","current",2945681051.10602,120328.714426708,0,0,0,"complicated_oral_1664_m_cost.empiricuti.ifast","high"
"516","iFAST",2945074912.96261,120142.733907369,-606138.143407822,185.980519339428,4325748.53019638,"complicated_oral_1664_m_cost.empiricuti.ifast","high"
"517","current",2945683036.86772,120328.714426708,0,0,0,"complicated_oral_1664_m_cost.2ndline.U","high"
"518","iFAST",2945077070.85986,120142.733907369,-605966.007866383,185.980519339428,4325576.39465494,"complicated_oral_1664_m_cost.2ndline.U","high"
"519","current",2945626890.44751,120319.810071702,0,0,0,"complicated_oral_65100_m_r.prev","high"
"520","iFAST",2944983961.76298,120128.792982303,-642928.684532642,191.017089399043,4463270.47251351,"complicated_oral_65100_m_r.prev","high"
"521","current",2945681051.10602,120328.714426708,0,0,0,"complicated_oral_65100_m_sensitivity.i","high"
"522","iFAST",2945013050.25503,120134.145509419,-668000.850988865,194.568917289056,4559379.19676999,"complicated_oral_65100_m_sensitivity.i","high"
"523","current",2945681051.10602,120328.714426708,0,0,0,"complicated_oral_65100_m_specificity.i","high"
"524","iFAST",2945067124.65012,120142.733907369,-613926.4559021,185.980519339428,4333536.84269065,"complicated_oral_65100_m_specificity.i","high"
"525","current",2945624210.75273,120320.823282049,0,0,0,"complicated_oral_65100_m_sensitivity.c","high"
"526","iFAST",2945074912.96261,120142.733907369,-549297.790117741,178.089374679679,4111085.28371132,"complicated_oral_65100_m_sensitivity.c","high"
"527","current",2945673943.37797,120328.714426708,0,0,0,"complicated_oral_65100_m_specificity.c","high"
"528","iFAST",2945074912.96261,120142.733907369,-599030.415354252,185.980519339428,4318640.80214281,"complicated_oral_65100_m_specificity.c","high"
"529","current",2945685711.60233,120328.714426708,0,0,0,"complicated_oral_65100_m_cost.empiricuti.U","high"
"530","iFAST",2945079444.69924,120142.733907369,-606266.903092384,185.980519339428,4325877.28988094,"complicated_oral_65100_m_cost.empiricuti.U","high"
"531","current",2945681373.57687,120328.714426708,0,0,0,"complicated_oral_65100_m_cost.empiricuti.current","high"
"532","iFAST",2945075265.14724,120142.733907369,-606108.429634571,185.980519339428,4325718.81642313,"complicated_oral_65100_m_cost.empiricuti.current","high"
"533","current",2945681051.10602,120328.714426708,0,0,0,"complicated_oral_65100_m_cost.empiricuti.ifast","high"
"534","iFAST",2945074912.96261,120142.733907369,-606138.143407822,185.980519339428,4325748.53019638,"complicated_oral_65100_m_cost.empiricuti.ifast","high"
"535","current",2945689972.79957,120328.714426708,0,0,0,"complicated_oral_65100_m_cost.2ndline.U","high"
"536","iFAST",2945084656.73723,120142.733907369,-605316.062344551,185.980519339428,4324926.44913311,"complicated_oral_65100_m_cost.2ndline.U","high"
"537","current",2945681051.10602,120328.714426708,0,0,0,"Not Applicable","deterministic"
"538","iFAST",2945074912.96261,120142.733907369,-606138.143407822,185.980519339428,4325748.53019638,"Not Applicable","deterministic"
